Branch_id,Branch_name,Branch_address,Branch_phone
1,South Kathy Branch,"971 Davis Island, East Charles, LA 22476",(718)547-1800
2,Stanleyberg Branch,"9043 Robbins Manor Apt. 042, Lake Shannonmouth, AK 64317",(396)887-5210x231
3,Prestonville Branch,"9206 Wiley Trail Apt. 219, West Maureenbury, VA 80079",769-970-5706x44086
4,Nguyenhaven Branch,"057 Farley Divide, West Timothystad, CO 84169",+1-528-648-1480x67573
5,Downsview Branch,"13973 Harris Alley Apt. 748, Port Tyler, PW 88859",467-568-6472x14915
6,South Gregory Branch,"4446 Carla Port, West Laura, OR 35284",-5191
7,Josephland Branch,"1288 Jones Motorway, South Kaitlyn, MO 63842",904-862-5609x611
8,Port Ashley Branch,"318 Katherine Fort Apt. 607, Deniseland, NY 32390",775.518.9054
9,Michaelbury Branch,"509 Butler Avenue, Julieland, AR 40955",515.454.0665x43450
10,Gordonmouth Branch,"011 Erica Orchard, Sanchezside, AL 50019",382-694-3537x8038
11,West Claytonfurt Branch,"974 Martinez Island, Obrienmouth, VA 75277",(821)750-6033x16942
12,Josephhaven Branch,"39361 Courtney Drives, East Melissa, MP 55368",001-855-555-2338x506
13,Gonzalezstad Branch,"76254 Reynolds Mountains, Evanschester, GU 50529",717.312.9286
14,Port Jamesborough Branch,"1725 Kimberly Burgs Suite 098, South Theresa, WY 08114",9554868314
15,East Ashleyside Branch,"91455 Steele Isle Suite 138, Adamhaven, MN 07722",980-315-3859
16,Riveraburgh Branch,"634 Brown Cove Apt. 909, Olsonport, AZ 07744",001-487-635-1493
17,West Leahfurt Branch,"49353 Moore Gardens Suite 175, Ericview, MD 05357",(734)315-4417
18,New Nicoleport Branch,"147 Smith Wells Apt. 189, Lake John, AK 44540",3423845189
19,New Heatherstad Branch,"952 Klein Course, Whiteborough, GU 55088",730.799.0569
20,Petersfurt Branch,"422 Susan Path, Frazierville, GU 56683",001-326-863-4781
21,Tinaville Branch,"USNV Johns, FPO AA 02382",702.456.8271x83179
22,Jonathantown Branch,"11980 Brianna Crescent Suite 462, Garzachester, GU 38797",-949
23,West Paige Branch,"USS Smith, FPO AA 45451",(802)331-4036
24,Johnsonstad Branch,"8939 Cox Shore Apt. 643, Theresatown, AL 59083",356.687.1543x39980
25,West Christopherbury Branch,"42775 Ayala Fork Apt. 029, Janiceview, LA 21909",+1-748-357-0315x125
26,Morganfurt Branch,"7048 Valerie Point, North Tarashire, TN 67836",363.251.2594x14852
27,Port Anna Branch,"590 Gloria Rue Suite 995, East Christophermouth, SD 71198",(462)897-0724
28,West Cassandra Branch,"74723 Anthony Mountains, Jonathanton, NV 24962",460-411-6341x05111
29,Joanneshire Branch,"21471 Alexandria Land Apt. 529, Taylorberg, IA 33802",001-677-774-9115x168
30,East Julia Branch,"61197 Brianna Square, Lake Jenniferton, MP 46939",001-413-248-1709x1647
31,Ryanview Branch,"403 Anderson Union Suite 742, Catherinestad, MA 96395",+1-367-467-2754x640
32,Willisfort Branch,"92639 Tyler Forest, Danafort, CT 49468",+1-242-622-2517x61903
33,Brownchester Branch,"03770 Rich Village, Franklinborough, MT 41200",845.980.7989x5592
34,East Tamaraborough Branch,"63733 Alexander Causeway Suite 297, West Josephport, NV 34251",373.606.1539x09830
35,Alyssaburgh Branch,"28320 Todd Estates, North Jeremyton, MN 25382",904.439.0839
36,South Robin Branch,"269 Hansen Flat Apt. 678, West Jamesbury, VT 85202",282-848-7820x5632
37,New Jasmineshire Branch,"031 Harvey Avenue, West Bryanburgh, NV 59503",490-717-0326x8021
38,Port Rachel Branch,"036 Alexandria Stravenue, Chenview, OR 26016",-5659
39,North Ryan Branch,"876 Kathryn Curve Suite 097, South Abigailberg, AR 04879",5167189817
40,West Mary Branch,"82717 Amanda Turnpike Suite 154, Hoffmanville, NM 85951",(791)597-6904
41,Lake Davidborough Branch,"921 Nelson Lodge, Port Heatherstad, ME 26514",001-943-664-1061x1239
42,Douglasfort Branch,"6535 Robert Wall, East Cynthia, PW 19248",+1-321-271-8545x06939
43,Port Gregory Branch,"37793 Obrien Light Suite 529, New Taylor, CO 51149",001-402-714-8212x33949
44,East Virginia Branch,"5890 Sanders Glen Apt. 155, Brianview, SD 59898",(327)890-3755
45,Christineberg Branch,"053 Miller Station, New Roberta, DC 40802",+1-775-409-0399x57632
46,North Ryan Branch,"513 Hayes Meadow, Evansfort, GU 49072",842-917-6589x04048
47,New Ann Branch,"783 Brittany Field, Tracimouth, NJ 19353",001-730-219-6053x87388
48,North Taraton Branch,"97799 Christopher Track Suite 220, Lake Tony, WY 89721",2525290757
49,North Richardberg Branch,"67065 Katherine Land Apt. 541, Sanchezland, MI 10891",222.892.6794
50,Acevedoborough Branch,"618 Campos Cliff Suite 268, Lesliehaven, WY 12256",934.817.4899
51,Weaverport Branch,"83044 Walters Center, Davidstad, OK 53446",(759)972-8634x27000
52,Butlerfurt Branch,"4895 Dalton Island, North David, MH 85315",001-703-264-7316
53,Dennisfurt Branch,"3108 Vanessa Oval Apt. 617, Lake Jorgeside, OR 21904",837.593.1528x409
54,Coleview Branch,"926 Annette Forest, East Savannah, DE 04056",231.457.2366x0327
55,West Kevinville Branch,"74727 Morris Manor Suite 791, New John, AR 03200",659.215.9529x2876
56,Jaredshire Branch,"24282 Jackson Cliff, South Patrickmouth, WI 89888",+1-390-224-4366x459
57,Port Thomas Branch,"45331 Hanna Canyon Suite 601, New Brittanyfort, DC 85055",8199472611
58,Smithville Branch,"5662 Garrison Lock Apt. 175, Emilymouth, HI 53135",552-291-7434x64456
59,Port Richard Branch,"PSC 8194, Box 7257, APO AE 44834",211.873.0487
60,Port Natalieville Branch,"33837 Dixon Port, Collinston, MS 11009",702.330.1372x654
61,South Molly Branch,"06653 Johnson Hill Apt. 136, Anthonychester, CT 51383",(629)618-6675x94307
62,Ramirezbury Branch,"34067 Denise Walk Suite 270, West Tony, AZ 61024",811.312.7957x03458
63,Dawsonfurt Branch,"00484 Deanna Pine Suite 772, Morrisland, UT 57580",001-490-226-3886x969
64,Hinesmouth Branch,"01633 Vicki Glens, Mclaughlinville, MS 91786",335-941-1391x27371
65,Philipfort Branch,"36274 Hill Skyway Suite 698, Lake Heatherchester, MP 25921",+1-406-272-8378x75319
66,Perezfort Branch,"4063 Jones Terrace Apt. 537, Ramirezmouth, MI 09251",-6602
67,New Justinborough Branch,"PSC 5731, Box 3269, APO AA 18808",(716)754-3625
68,New Christopherville Branch,"9690 Barnett Spur, Brandimouth, MN 41019",803.637.5071
69,Lake Joetown Branch,"78341 Lawson Turnpike Suite 525, West Lesliemouth, FL 85714",510.993.9113x285
70,North Dominique Branch,"4231 Ponce Union, East Laurachester, NV 49883",(966)806-3959x6062
71,Jacksonton Branch,"Unit 4041 Box 3056, DPO AP 18781",(465)976-8680
72,Lake Rebeccashire Branch,"97709 John Grove Suite 258, Port Dwayne, NM 73636",808-638-6082x9142
73,Wellsborough Branch,"889 Dixon Route, Codytown, WI 89643",(527)931-0539x447
74,Craighaven Branch,"73287 Jackson Spring, New Larry, PW 18318",854-703-6813
75,Kellyfurt Branch,"4488 Stevens Land Apt. 129, Crystalville, OR 02452",267.752.4038x16338
76,West Juan Branch,"6074 Johnson Flat Suite 065, Leslieburgh, AS 61862",001-351-478-7750x251
77,North Donna Branch,"3751 Brown Haven, Ortizhaven, GA 39602",001-554-461-9761x655
78,South Russellville Branch,"590 Thompson Circle Suite 628, East Staceyfurt, TN 07335",+1-426-949-7286x1418
79,West Patrick Branch,"53151 Brenda Bypass Apt. 773, Halltown, WV 98916",001-203-279-8704x6775
80,Parkershire Branch,"935 Jessica Meadows Apt. 516, Michaelland, MD 52388",292.387.3442x6891
81,Davidborough Branch,"693 Kelley Bridge, East Jenna, GU 33197",(592)544-4873
82,North Anne Branch,"165 Martinez Crossing Suite 895, Hamptonville, RI 29925",5255034971
83,South Davidfurt Branch,"7601 Smith Alley, Port Andreashire, PW 41462",001-266-641-7227x682
84,Bakerland Branch,"Unit 2816 Box 9784, DPO AE 94139",001-627-919-6190x5798
85,North Rachel Branch,"5885 Michael Mountains Suite 789, Hendersontown, RI 94353",625.666.1825x58466
86,Donovanborough Branch,"2163 Scott Street, Haneystad, NV 18654",(593)507-1423
87,Karentown Branch,"96536 Woods Squares, Juliaburgh, ID 59428",(774)488-7535
88,Davidville Branch,"571 Ray Ports Apt. 440, Mccoychester, VT 05681",-3566
89,Charleshaven Branch,"278 Castillo Rest, Port Jeffchester, VA 43475",483.372.1749x898
90,Jessicabury Branch,"72711 Conley Divide Suite 990, Christopherville, MT 85471",321-753-0691x91121
91,North Tiffany Branch,"25180 Daniels Neck Suite 775, Gardnerhaven, RI 28833",001-229-501-2441
92,Port Ashleyborough Branch,"346 David Manor, Hudsonbury, IN 50187",485.870.7768
93,South Brittany Branch,"707 John Spring Suite 234, Mercedesbury, IN 18439",579-263-8844
94,East James Branch,"8567 Melinda Underpass, East Susantown, IA 80538",739.693.7555
95,New Robert Branch,"Unit 8387 Box 9247, DPO AE 42758",370-734-4888
96,Stevenport Branch,"7458 Lisa Walks, Smithmouth, MO 47161",(656)887-8968
97,Charlesmouth Branch,"4818 Hernandez Rapid, West Raymondport, WA 71266",677-760-5406
98,Nancyborough Branch,"7511 Torres Crossroad, South Andre, MI 80609",802-417-1925
99,South Eric Branch,"37180 Kaitlin Club Suite 542, East Sarahland, KY 51149",871.802.4586x1229
100,West Kylemouth Branch,"460 Johnson Key, East Mark, NY 12963",582-631-3269x884
